[
    {
        "name": "Стрижка мужская",
        "price": 500,
        "duration": 25,
        "added_at": "2024-02-29"
    },
    {
        "name": "Стрижка женская каре",
        "price": 800,
        "duration": 45,
        "added_at": "2024-02-29"
    },
    {
        "name": "Стрижка женская модельная",
        "price": 1500,
        "duration": 60,
        "added_at": "2024-02-29"
    },
    {
        "name": "Окрашивание Эир-тач",
        "price": 2000,
        "duration": 60,
        "added_at": "2024-02-29"
    },
    {
        "name": "Маникюр",
        "price": 1000,
        "duration": 45,
        "added_at": "2024-02-29"
    },
    {
        "name": "Маникюр с покрытием гель лак",
        "price": 3500,
        "duration": 60,
        "added_at": "2024-02-29"
    },
    {
        "name": "Педикюр",
        "price": 1200,
        "duration": 60,
        "added_at": "2024-02-29"
    },
    {
        "name": "Педикюр с покрытием гель лак",
        "price": 2500,
        "duration": 60,
        "added_at": "2024-02-29"
    }
]